{"cameraMode":{"drawMode":0,"name":"Shaded","section":"Shading Mode"},"sceneLighting":false,"audioPlay":false,"sceneViewState":{"showFog":true,"showMaterialUpdate":false,"showSkybox":false,"showFlares":true,"showImageEffects":true,"showParticleSystems":true},"in2DMode":false,"pivot":{"x":-0.00010680593550205231,"y":0.009595803916454316,"z":-1.862645149230957e-9},"rotation":{"x":0.09691367298364639,"y":0.8806167244911194,"z":-0.2051667720079422,"w":0.41597220301628115},"size":0.12621450424194337,"orthographic":true}